{
  "algo": "lr",
  "feature_version": "v1.0",
  "best_params": {
    "clf__C": 0.1
  },
  "cv_f1_macro": 0.6129279577769585,
  "val_f1_macro": 0.7030052302458992,
  "test_f1_macro": 0.7035369878630463,
  "val_report": {
    "benign": {
      "precision": 0.8370044052863436,
      "recall": 0.4752376188094047,
      "f1-score": 0.6062539885130823,
      "support": 1999.0
    },
    "defacement": {
      "precision": 0.8488358623885092,
      "recall": 0.9531737773152965,
      "f1-score": 0.8979841921450892,
      "support": 7688.0
    },
    "phishing": {
      "precision": 0.7963125548726954,
      "recall": 0.4743723849372385,
      "f1-score": 0.5945591609308424,
      "support": 1912.0
    },
    "malware": {
      "precision": 0.6025123373710184,
      "recall": 0.8737800910865322,
      "f1-score": 0.7132235793945831,
      "support": 1537.0
    },
    "accuracy": 0.8014616321559074,
    "macro avg": {
      "precision": 0.7711662899796417,
      "recall": 0.694140968037118,
      "f1-score": 0.7030052302458992,
      "support": 13136.0
    },
    "weighted avg": {
      "precision": 0.8105688933972373,
      "recall": 0.8014616321559074,
      "f1-score": 0.787806482146646,
      "support": 13136.0
    }
  },
  "test_report": {
    "benign": {
      "precision": 0.8716674197921374,
      "recall": 0.40903307888040713,
      "f1-score": 0.556790301630827,
      "support": 4716.0
    },
    "defacement": {
      "precision": 0.7224541968470388,
      "recall": 0.9533340829866187,
      "f1-score": 0.8219895287958116,
      "support": 8893.0
    },
    "phishing": {
      "precision": 0.7788191190253045,
      "recall": 0.45138511678435633,
      "f1-score": 0.5715268225584594,
      "support": 1841.0
    },
    "malware": {
      "precision": 0.8180043913149548,
      "recall": 0.9151200873362445,
      "f1-score": 0.8638412984670875,
      "support": 3664.0
    },
    "accuracy": 0.7633671654284817,
    "macro avg": {
      "precision": 0.7977362817448589,
      "recall": 0.6822180914969067,
      "f1-score": 0.7035369878630463,
      "support": 19114.0
    },
    "weighted avg": {
      "precision": 0.7830146914410389,
      "recall": 0.7633671654284817,
      "f1-score": 0.7404557570359769,
      "support": 19114.0
    }
  },
  "cv_kind": "sgkf"
}