{
  "algo": "lr",
  "feature_version": "v1.0",
  "best_params": {
    "clf__C": 10.0
  },
  "val_f1_macro": 0.711010582357205,
  "test_f1_macro": 0.6505872701364078,
  "val_report": {
    "benign": {
      "precision": 0.8688118811881188,
      "recall": 0.5453133091662351,
      "f1-score": 0.6700604517976455,
      "support": 1931.0
    },
    "defacement": {
      "precision": 0.8431420832307314,
      "recall": 0.9459870147810471,
      "f1-score": 0.8916086192305188,
      "support": 7239.0
    },
    "phishing": {
      "precision": 0.741051028179741,
      "recall": 0.4956698930208864,
      "f1-score": 0.594017094017094,
      "support": 1963.0
    },
    "malware": {
      "precision": 0.5901350557839108,
      "recall": 0.8258011503697618,
      "f1-score": 0.6883561643835616,
      "support": 1217.0
    },
    "accuracy": 0.799919028340081,
    "macro avg": {
      "precision": 0.7607850120956255,
      "recall": 0.7031928418344826,
      "f1-score": 0.711010582357205,
      "support": 12350.0
    },
    "weighted avg": {
      "precision": 0.8059966651244835,
      "recall": 0.799919028340081,
      "f1-score": 0.7896377760843182,
      "support": 12350.0
    }
  },
  "test_report": {
    "benign": {
      "precision": 0.8462192013593883,
      "recall": 0.30731255785251466,
      "f1-score": 0.450882752376641,
      "support": 3241.0
    },
    "defacement": {
      "precision": 0.7685098406747891,
      "recall": 0.9680084995868257,
      "f1-score": 0.8567995402539053,
      "support": 8471.0
    },
    "phishing": {
      "precision": 0.875,
      "recall": 0.4325153374233129,
      "f1-score": 0.5788856304985337,
      "support": 2282.0
    },
    "malware": {
      "precision": 0.5958566261098323,
      "recall": 0.8961424332344213,
      "f1-score": 0.7157811574165515,
      "support": 2022.0
    },
    "accuracy": 0.7489385614385614,
    "macro avg": {
      "precision": 0.7713964170360025,
      "recall": 0.6509947070242686,
      "f1-score": 0.6505872701364078,
      "support": 16016.0
    },
    "weighted avg": {
      "precision": 0.7776108510212286,
      "recall": 0.7489385614385614,
      "f1-score": 0.7172568940457945,
      "support": 16016.0
    }
  }
}